ID,Nom de l'exercice,,Description,,,Conseils,,,{'Muscles ciblés'},,Programme,,lien image
,Le développé incliné,,"Allongé sur le dos sur un banc incliné entre 15° et 40°, placez les pieds à plat sur le sol ou sur une plateforme. Prendre la barre, mains en pronation, avec un écartement supérieur à celui des épaules. Développer en inspirant à la fin du mouvement.",,,"Pour prévenir les blessures, ne faites jamais les rebonds sur la poitrine : c’est dangereux pour le sternum et les premières côtes et cela empêche la contraction maximale d’autres muscles, dont le développement nécessite une amplitude complète.",,,{'Pectoraux'},,{'Prise de masse'},,https://www.espace-musculation.com/wp-content/uploads/2013/06/developpe-incline.jpg
,Le développé couché avec haltères,,"Allongé sur le dos, la tête, les épaules et les fessiers en contact avec le banc horizontal. Gardez les jambes légèrement écartées, genoux fléchis à 90° et les pieds à plat au sol. Tenez un haltère dans chaque main avec une prise en pronation (paumes des mains vers les pieds), les bras en extension complète de façon à ce que les charges se touchent directement au-dessus de votre tête. Faites une pause dans la position d’arrivée, les haltères l’un contre l’autre, puis recommencez",,,"Comme il est un peu plus difficile d’équilibrer des haltères (surtout si un bras est plus faible que l’autre), il vous faudra peut-être prendre une charge totale un peu moins lourde qu’avec une barre.",,,{'Pectoraux'},,{'Prise de masse'},,https://www.espace-musculation.com/wp-content/uploads/2013/06/developpe-couche-halteres.jpg
,Le développé décliné,,"Allongé, tête en bas, sur un banc plus ou moins incliné (30 à 40°), saisir la barre, mains en pronation, avec un écartement égal ou supérieur à la largeur des épaules. Inspirer et descendre la barre sur le bas des pectoraux en contrôlant le mouvement. Remonter la barre en expirant jusqu’à la fin de l’effort. Contractez vos pectoraux en position haute et redescendez.",,,"Dirigez les haltères directement vers le haut. Si vous les dirigez au-dessus de la tête ou vers l’abdomen, vous augmentez le risque d’en perdre le contrôle.",,,{'Pectoraux'},,{'Prise de masse'},,https://www.espace-musculation.com/wp-content/uploads/2013/06/developpe-decline.jpg
,Les dips,,"En haut, inspirez et soufflez lentement en redescendant jusqu’à la position la plus basse. Ensuite, inspirez puis retenez votre souffle. Quand vous avez dépassé le point le plus délicat au cours de l’extension, expirez. Inspirez de nouveau lorsque vos bras sont tendus et recommencez.",,,"Souvenez-vous que pour obtenir un travail maximal des triceps, vous devez tendre les bras. Pour augmenter la résistance, la meilleure façon est de suspendre une charge à la ceinture ou de maintenir un haltère entre les jambes.",,,"{'Pectoraux', 'Bras'}",,{'Prise de masse'},,https://www.espace-musculation.com/wp-content/uploads/2015/02/dips.jpg
,Les écartés avec haltères,,"Allongé sur un banc étroit pour ne pas gêner les mouvements des épaules, bras tendus ou coudes légèrement fléchis pour soulager l’articulation. Inspirer, puis écarter les bras jusqu’à l’horizontale. Relever les bras jusqu’à la verticale en expirant. Provoquer une petite contraction isométrique en fin de mouvement pour accentuer le travail sur la partie sternale des pectoraux.",,,"Assurez vous que les bras rentent dans le prolongement des épaules, dans un plan vertical. Si les bras descendent plus bas que le milieu de la poitrine ou vont au-dessus de votre tête, le mouvement génère une tension excessive sur les épaules.",,,{'Pectoraux'},,{'Prise de masse'},,https://www.espace-musculation.com/wp-content/uploads/2013/06/ecarte-halteres.jpg
,Curl à la barre debout,,"Debout, les pieds parallèles écartés à la largeur des épaules et légèrement tournés vers l’extérieur. Tenez une barre à bout de bras devant les cuisses, les mains en supination. écartées à peu près à la largeur des épaules. Descendez la barre en la contrôlant pour revenir à la position de départ, mais n’allez pas jusqu’à l’extension complète des bras. Effectuez toutes les répétitions.
",,,"En mettant les mains très écartées, vous sollicitez la courte portion du biceps.
Avec les mains très rapprochées, vous travaillerez la longue portion du biceps.",,,{'Bras'},,{'Prise de masse'},,https://www.espace-musculation.com/wp-content/uploads/2013/07/curl-barre-ez.jpg
,Curl avec haltères,,"Debout ou assis, les pieds suffisamment écartés pour assurer une position stable, gardez les bras tendus de chaque côté du corps, un haltère dans chaque main (les paumes sont tournées vers l’intérieur contre les cuisses). Lorsque la flexion atteint 90°, faites une rotation de l’avant-bras pour amener la paume de la main vers le haut.
Continuez la flexion, redescendez la charge d’un mouvement inverse.",,,"En exécutant cet exercice, gardez les coudes en arrière afin que le travail du biceps soit maximal et que l’épaule ne participe pas au mouvement.",,,{'Bras'},,{'Prise de masse'},,https://www.espace-musculation.com/wp-content/uploads/2013/03/curl-haltere-1.jpg
,Curl à la poulie,,"Saisissez les poignées avec les mains en supination (paumes vers le haut) et placez-vous au milieu de l’appareil avec de solides appuis. Dans la position de départ, vos bras devront être légèrement fléchis ou complètement tendus de chaque côté, et à l’horizontale ou légèrement plus haut. Le corps et les bras devront rester immobiles pendant tout le mouvement. Ceci est particulièrement vrai pour les muscles de l’épaule qui maintiennent les bras en place.",,,"Pour solliciter au maximum le biceps brachial, le brachial antérieur et le long supinateur, gardez les bras bien en place. Si vous montez ou descendez les coudes au cours de l’exécution, vous solliciterez d’autres muscles, d’où une moindre contraction des muscles impliqués.
",,,{'Bras'},,{'Prise de masse'},,https://www.espace-musculation.com/wp-content/uploads/2013/01/curls-poulie.jpg
,Le kickback,,Debout à côté d’un banc sur lequel vous placerez une main pour soutenir le haut du corps. Votre bras devra être tendu et directement en-dessous de votre épaule. Amenez la jambe inférieure vers l’avant et déplacez la jambe extérieure vers l’arrière de façon à pouvoir incliner le buste à l’horizontale. Certains préfèrent poser la jambe inférieure sur le banc pour soutenir les hanches.,,,"Pour placez un maximum de résistance sur le triceps, le buste doit rester immobile dans la position horizontale. S’il est relevé et que les épaules sont plus hautes que les hanches, vous utilisez l’élan plutôt que la force du muscle pour soulever la charge.",,,{'Bras'},,{'Prise de masse'},,https://www.espace-musculation.com/wp-content/uploads/2013/05/kickback-triceps.jpg
,Extensions verticales ,,"Asseyez-vous sur un banc avec les pieds à plat sur le sol. D’une main prenez un haltère, gardez le buste droit et les yeux directement dirigés vers l’avant. Pliez le coude et levez le bras au-dessus de votre tête en laissant votre avant-bras et l’haltère pendre derrière de façon à ce que votre coude pointe directement vers le haut. Votre petit doigt devrait être en haut de la poignée de l’haltère.",,,"N’arrondissez pas le dos en faisant l’exercice. Cela vous obligerait à vous pencher en avant et placerait un stress excessif au niveau des disques intervertébraux et de l’articulation de l’épaule, risquant de faire provoquer une blessure.",,,{'Bras'},,{'Prise de masse'},,https://www.espace-musculation.com/wp-content/uploads/2012/08/extension-verticale.jpg
,Tractions à la barre fixe,,"Prenez la barre avec les mains en supination. La barre devrait être assez haute pour que vous soyez obligé de sauter légèrement pour la saisir. Une fois la position haute atteinte, relaxez lentement les muscles et commencez à expirer en descendant. Marquez une pause et recommencez pour faire le nombre de répétitions prévu.
",,,"Ne vous balancez pas en faisant cet exercice. Relâchez-vous et marquez une pause jusqu’à ce que le balancement cesse avant de recommencer. Si votre corps se balance, vous créez trop d’élan et moins de résistance. Lutter pour garder le corps droit en faisant ce mouvement limite son efficacité et le développement musculaire.",,,{'Dos'},,{'Prise de masse'},,https://www.espace-musculation.com/wp-content/uploads/2012/01/traction-supination.jpg
,Rowing deux haltères,,"Les bras tendus et les coudes pointés vers l’extérieur, maintenez une paire d’haltères devant vos cuisses, les avant-bras en position neutre ou pronation (paume face à vous). Les pieds juste à l’intérieur de la largeur des épaules, le menton un peu relevé et les genoux légèrement fléchis.",,,"
Théoriquement, avoir les coudes contre le corps et les épaules tournées vers l’extérieur stressera au maximum les dorsaux et le grand rond pour finir le mouvement.",,,{'Dos'},,{'Prise de masse'},,https://www.espace-musculation.com/wp-content/uploads/2010/06/rowing-deux-halteres.jpg
,Shrug,,"Inspirez et montez les épaules aussi haut que possible puis expirez en haut. Ne fléchissez pas les coudes quand vous montez les épaules.
Après avoir atteint la position la plus haute, maintenez-la 1 à 2 secondes pour contracter au maximum avec de redescendre les épaules vers la position de départ en contrôlant le mouvement.",,,Montez les épaules le plus haut possible pour raccourcir et contracter au maximum la partie supérieure du trapèze.,,,{'Dos'},,{'Prise de masse'},,https://www.espace-musculation.com/wp-content/uploads/2014/06/shrug.jpg
,"Développé militaire
",,"Prenez une barre avec une prise légèrement supérieure à la largeur de vos épaules, mains en pronation (paumes vers le bas).Pliez les coudes pour amener la barre contre le haut du buste, les poignets étant un peu un hyper-extension : c’est la position de départ.",,,"Pour varier et placer plus de stress sur les deltoïdes antérieurs et la partie supérieure des pectoraux, faites cet exercice avec les coudes dirigés vers l’avant, mains en position neutre. Exécutez le développé de la même façon, mais gardez les coudes pointés vers l’avant lors de la montée et de la descente des haltères.",,,{'Dos'},,{'Prise de masse'},,https://www.espace-musculation.com/wp-content/uploads/2013/08/developpe-halteres.jpg
,Elévations latérales,,"Inspirez puis expirez en élevant les bras latéralement jusqu’à la hauteur des épaules ou juste au-dessus. Si vous utilisez des charges relativement lourdes, il n’est pas possible de garder les bras tendus; fléchissez alors un peu les coudes, mais gardez les bras dans le plan frontal (perpendiculaire aux épaules)",,,"Ne courbez pas le dos en montant la charge. Cela arrive souvent lorsque les bras sont excessivement fléchis. Dans ce cas, ils sont trop en avant et c’est mauvais pour la colonne vertébrale.",,,{'Dos'},,{'Prise de masse'},,https://www.espace-musculation.com/wp-content/uploads/2013/05/elevation-laterales.jpg
,Elévations frontales,,"Debout, prenez une position stable, un haltère dans chaque main, les bras tendus vers le bas et les mains devant les cuisses.
Utilisez une prise en pronation (le dos des mains tourné vers l’avant) ou une position neutre (les paumes tournées vers l’axe médian de votre corps).
Inspirez profondément et expirez en élevant vos bras directement devant le corps.",,,Ne vous penchez pas en arrière ou ne poussez pas en avant avec les hanches pour monter les haltères. Utilisez des charges plus légères et une technique correcte pour obtenir un développement musculaire optimal.,,,{'Dos'},,{'Prise de masse'},,https://www.espace-musculation.com/wp-content/uploads/2013/05/elevations-frontale.jpg
,Squat,,"Debout, jambes écartées de la largeur des épaules, pointes de pieds légèrement écartées vers l’extérieur (à 10h10), bras tendus devant vous (parallèles au sol), fléchir les jambes en poussant les fesses vers l’arrière jusqu’à avoir les cuisses parallèles au sol. Pousser ensuite sur vos jambes afin de revenir à la position initiale, sans toutefois verrouiller les genoux (garder les jambes légèrement fléchies).",,,"Garde la tête, le cou et le menton dans leurs positions naturelles (ou légèrement relevés) et fixe un point précis, devant toi, à peu près à hauteur des yeux. Fléchis les genoux et laisse les fessiers reculer de façon à descendre le corps, avec une forte contraction des abdominaux.
Une fois que tes cuisses sont parallèles au sol, inverse le mouvement et pousse énergiquement sur le talons pour revenir à la position de départ.",,,{'Jambes'},,{'Prise de masse'},,https://www.espace-musculation.com/wp-content/uploads/2015/03/squat.jpg
,Leg extensions,,"Assis sur la machine, les deux cuisses bien en contact avec le siège. Placez la partie inférieure des tibias contre les manchons de façon à ce que vos genoux forment un angle de 90° ou plus. Le dos est droit ou légèrement penché en arrière et en appui contre le dossier. Saisissez les poignées de chaque côté du siège pour assurer votre stabilité.
Inspirez profondément et expirez lors de l’extension des jambes. Maintenez la contraction 1 ou 2 secondes.",,,L’extension complète des genoux est importante pour obtenir une contraction maximale des muscles vaste interne et vaste externe. Leur force est capitale pour maintenir la rotule en place,,,{'Jambes'},,{'Prise de masse'},,https://www.espace-musculation.com/wp-content/uploads/2015/03/squat.jpg
,Fentes,,"Placez-vous debout, avec la barre sur les épaules. Adoptez une prise d’une largeur supérieure à celle des épaules et placez vos pieds en parallèle avec un écartement sensiblement égal à largeur des épaules ou des hanches. La jambe avant doit supporter la majeure partie de la charge et le genou doit être fléchi à 90°. En flexion, le genou arrière doit à peine toucher le sol.",,,"Pour tirer le meilleur parti de cet exercice au niveau des hanches, il faut garder le buste droit. En position basse, la flexion de la hanche, côté jambe avant, sera ainsi maximale. Les fessiers seront également étirés au maximum et on pourra en obtenir une plus forte contraction.",,,{'Jambes'},,{'Prise de masse'},,https://www.espace-musculation.com/wp-content/uploads/2013/04/fentes-marchees-barre.jpg
,Tapis de course,,Allumez le tapis à la vitesse convenu par votre coach puis courez,,,"Veillez à vous penchez légèrement vers l’avant lorsque vous courez et non pas vous tenir droit, vous risquez de développer des douleurs dorsales assez rapidement. Investir dans de bonnes chaussures de running.",,,{'Jambes'},,{'Cardio'},,https://i2.cdscdn.com/pdt2/6/9/0/1/700x700/jdm6082558128690/rw/jdm-sports-tapis-de-course-pliable-mixte-j30f-16.jpg
,Rameur,,"Appareil permettant de reproduire fidèlement les mouvements de l'aviron. Assseyez vous sur le siege, placez vos deux pieds bien au centre des pédales. Serrez vos pieds afin qu'il ne glissent pas. Prenez en main la barre et poussez avec vos pieds afin d'avoir une extension quasi maximale de vos jambes tout en tirant avec vos bras. ",,,"Avoir le dos droit et évitee de se pencher trop en avant de ramener les poignets après le tirage. Pour commencer, pousser sur les jambes puis tirer avec les bras jusqu’à ce que les omoplates soient bien serrés.",,,{'all'},,{'Cardio'},,https://totalbonplan.com/wp-content/uploads/2019/01/entrainement-cardio-avec-rameur.jpg
,Vélo d'interieur,,"Installez vous sur le vélo, reglez la hauteur du guidon et la puissance puis pédalez",,,Avoir le dos droit. Pédaler doucement les 2-3 premières et dernières minutes afin d'éviter les blessures et/ou courbatures,,,{'Jambes'},,{'Cardio'},,https://cdn.laredoute.com/products/641by641/6/d/4/6d465c50c987ad5bf8f7509b1a4e3cb9.jpg
,Vélo elliptique,,"En reproduisant les mêmes mouvements que le ski de fond, l’elliptique permet de travailler le cardio, de muscler le haut, ainsi que le bas du corps et de perdre du poids sans solliciter les articulations puisqu’il n’y a aucun impact (contrairement à la course par exemple).",,,"Installer ses pieds bien au centre des pédales, plutôt vers l’avant puis attraper les poignées fixes devant soi. Garder le dos droit, les abdos gainés, les hanches bien en face de la machine et ne pas oublier de respirer.",,,{'Jambes'},,{'Cardio'},,https://i2.cdscdn.com/pdt2/0/1/8/1/700x700/fyt8436532228018/rw/fytter-velo-elliptique-cr-06b-avec-resistance-digi.jpg
,Corde à sauté,,Sautez par-dessus la corde pieds joints puis réceptionnez-vous sur la pointe des pieds avec les genoux très légèrement fléchis.,,,"Aligner le cou, la tête et la colonne vertébrale. Maintenir le ventre rentré (légère contraction des abdominaux). Les épaules sont basses .Les  coudes sont proches du corps et les avant-bras presque à 90° par rapport aux bras. Toujours sauter  sur la pointe des pieds",,,"{'Jambes','Bras','Dos'}",,{'Cardio'},,https://image.jimcdn.com/app/cms/image/transf/none/path/sb2bf5e570fdbce5d/image/id6e5122145ad74ae/version/1522921299/image.jpg
,Jumping Jack,,"Le jumping jack est un exercice simple et efficace pour maigrir, facile à intégrer dans une séance de sport à la maison. Cet enchaînement peut être répété plus ou moins rapidement durant un temps donné ou un nombre de répétitions. A vous de gérer votre effort selon vos capacités et objectifs.",,,"Démarrez pieds joints, bras le long du corps. L’exercice consiste ensuite à réaliser un premier saut en écartant simultanément les jambes et les bras, puis un second saut en les resserrant.",,,"{'Dos', 'Jambes'}",,{'Cardio'},,https://media1.popsugar-assets.com/files/thumbor/NmhBTSP09YT_0iLhrGDTQUN1Mr0/fit-in/1024x1024/filters:format_auto-!!-:strip_icc-!!-/2015/05/01/974/n/1922729/8a48e47672d474dc_c9d6640d1d97a449_jumping-jacks.xxxlarge/i/Jumping-Jack.jpg
,Squats,,"Debout, jambes écartées de la largeur des épaules, pointes de pieds légèrement écartées vers l’extérieur (à 10h10), bras tendus devant vous (parallèles au sol), fléchir les jambes en poussant les fesses vers l’arrière jusqu’à avoir les cuisses parallèles au sol. Pousser ensuite sur vos jambes afin de revenir à la position initiale, sans toutefois verrouiller les genoux (garder les jambes légèrement fléchies).",,,"Garder la tête, le cou et le menton dans leurs positions naturelles (ou légèrement relevés) et fixer un point précis, devant, à peu près à hauteur des yeux. Fléchir les genoux et laisser les fessiers reculer de façon à descendre le corps, avec une forte contraction des abdominaux. Une fois que les cuisses sont parallèles au sol, inverser le mouvement et pousser énergiquement sur le talons pour revenir à la position de départ.",,,{'Jambes'},,{'Cardio'},,http://cdn.24.co.za/files/Cms/General/d/6501/8b79b60de56f45a0a08082d8e4e0f658.jpg
,Pompes ,,"Prenez une position en semi-pronation, avec les mains placées de chaque côté des épaules sur le sol. Le corps doit être tendu (position anatomique normale) de la tête aux talons, avec la balle du pied et les orteils en appui sur le sol. Les mains doivent être placées sous les épaules. Une fois que vous êtes prêt, inspirez profondément et inspirez en tendant les bras. Descendez ensuite le corps le plus près du sol en inspirant. Gardez le corps rigide pendant tout l’exercice.",,,"Garder le corps rigide et droit, de la tête aux pieds. Ne pas hésiter à descendre jusqu'à ce que le menton touche le sol, tout en gardant le dos droit.",,,"{'Pectoraux','Bras'}",,{'Cardio'},,https://www.masculin.com/images/article/8183/th/comment-se-muscler-en-faisant-des-pompes-800x.jpg
,Burpees,,"Le burpee est un mouvement complet qui sollicite l’ensemble du corps. A partir de la position debout, il consiste à réaliser un enchainement avec flexion de jambes, appui au sol sur les mains en position de gainage ventral, repli des jambes, puis extension (type squat) pour se retrouver en position debout. En position initiale debout, pieds légèrement écartés, fléchissez les jambes et posez vos mains au sol. Lancez ensuite vos pieds vers l’arrière en effectuant un petite impulsion. Vous êtes alors en appui sur les mains et les pointes de pieds, bras et jambes tendues, corps aligné et gainé. Réalisez à nouveau une impulsion de jambes afin de revenir à la première phase (accroupi, mains au sol). Poussez avec vos jambes pour retrouver la position debout, talons au sol.",,,Lorsque vous êtes en appui sur les mains attention à ne pas creuser le dos et à garder le corps bien gainé (surtout abdos et fessiers).,,,"{'Abdos', 'Dos', 'Bras'}",,{'Cardio'},,https://d50b62f6164e0c4a0279-11570554cb5edae3285603e6ab25c978.ssl.cf5.rackcdn.com/html_body_blocks/images/000/006/508/original/exercise_image_en22851804477960e8e0a3afc0580441e6.jpg
,Sacs de frappe,,Frappez le sac avec de petits coups répétitifs le plus vite possible pendant un round entier. Le but ici est d’envoyer le plus de « coups » possible en respirant correctement tout le long.,,,Ne pas frapper avec puissance car cela melangerait exercice d'endurance et de puissance et cela finit par ressembler à un exercice de puissance. Concentrez-vous sur le nombre de coups donnés par round. ,,,{'Bras'},,{'Cardio'},,https://i2.cdscdn.com/pdt2/9/9/3/1/300x300/auc2009367417993/rw/ise-sac-de-frappe-adulte-avec-chaines-sac-de-boxe.jpg
,Fentes,,"Placez-vous debout, avec la barre sur les épaules. Adoptez une prise d’une largeur supérieure à celle des épaules et placez vos pieds en parallèle avec un écartement sensiblement égal à largeur des épaules ou des hanches. La jambe avant doit supporter la majeure partie de la charge et le genou doit être fléchi à 90°. En flexion, le genou arrière doit à peine toucher le sol.",,,"Pour tirer le meilleur parti de cet exercice au niveau des hanches, il faut garder le buste droit. En position basse, la flexion de la hanche, côté jambe avant, sera ainsi maximale. Les fessiers seront également étirés au maximum et on pourra en obtenir une plus forte contraction.",,,{'Jambes'},,{'Cardio'},,http://holifit.fr/wp-content/uploads/blogger/-a2bm3CRuWAg/VL1CtV4uzbI/AAAAAAAAE0Y/_4VjZPCp1AU/s1600/2nd.jpg
,Crunch (abdos),,"Régler le banc pour que la déclivité soit d’environ 30 à 40°. Crochetez vos pieds sous les supports. Allongez-vous sur le dos, les épaules et la tête bien au contact du banc, les mains croisées sur la poitrine ou sur les tempes. Inspirez et bloquez votre respiration tandis que vous contractez vos abdos pour décoller le buste du banc. À la force des abdos, remontez le haut du corps jusqu’à ce qu’il fasse un angle d’environ 90° avec les hanches. Maintenez cette position un instant tout en expirant, puis redescendez le buste à mi-hauteur seulement.",,,"Veillez à maintenir la tension dans les abdominaux pendant tout l’exercice. Ne redescendez pas au point que les épaules ou la tête touchent le banc entre les reps. Dans la position de départ, votre regard sera dirigé vers le plafond; dans la position d’arrivée, à la fin de la montée, vous regardez devant vous par-dessus vos bras.",,,{'Abdos'},,{'Cardio'},,"https://medias.lequipe.fr/img-ilosport-jpg/abdominaux/1500000000607672/18:8,800:566-850-550-75/d88d8.jpg"
,Montées sur banc,,Placez-vous à 15-30 cm d’un banc de musculation solide (ou d’un appui ou d’un step) réglé à la hauteur des genoux. Vos pieds devront être espacés à peu près de la largeur des épaules et vos genoux seront légèrement fléchis. Placez-vous à 15-30 cm d’un banc de musculation solide (ou d’un appui ou d’un step) réglé à la hauteur des genoux. Vos pieds devront être espacés à peu près de la largeur des épaules et vos genoux seront légèrement fléchis. Faites votre série en alternant droite-gauche ou en faisant toutes les reps d’un côté avant de passer à l’autre côté.,,,"Gardez toujours le buste droit en rentrant le ventre et en maintenant le bas du dos cambré naturellement, à la montée ainsi qu’à la descente. Le regard doit rester dirigé vers l’avant pendant tout l’exercice afin d'éviter les traumatismes au cou. Marquez toujours un temps d’arrêt en haut et en bas de manière à reprendre votre équilibre.",,,{'Jambes'},,{'Cardio'},,https://musqle.fr/Media/Default/Exercise%20images/BIG59754.jpg?preset=hd
,Montées de genoux,,L’exercice des montées de genoux consiste à courir sur place tout en levant ses genoux au niveau de son bassin. C’est un exercice de cardio très efficace qui va faire travailler aussi les jambes et les abdominaux.,,,Toujours garder le dos droit et s'aider de ses mains pour ne pas s'epuiser rapidement. Ne pas monter ses genoux plus haut que son nombril pour ne pas se blesser au niveau du dos,,,"{'Jambes','Abdos'}",,{'Cardio'},,http://1.bp.blogspot.com/-d2_CX-6M0fo/VVDzZ9ziIkI/AAAAAAAABBc/XCyWvCFa3jY/s1600/big_92817b13d5ae46b6b64a6232ec9506f1.jpg
,Mountain climbers,,"Positionnez-vous face au sol, en en position de pompes. Fléchissez une jambe tout en gardant l’autre bien tendue, toujours en appui sur vos pointes de pieds. L’exercice consiste alors à ramener rapidement et alternativement les genoux gauche et droit vers l’avant. Pour vous donner une image, c’est comme si vous preniez le départ d’une course dans des starting block, en courant sur place.",,,Ne cassez pas l’alignement du corps et gardez-le bien gaîné. Vous pouvez faire le mouvement face à un miroir ou avec un partenaire d’entraînement pour vérifier que vos fesses ne montent pas vers le haut pendant l’exercice,,,"{'Jambes','Abdos'}",,{'Cardio'},,https://i.ytimg.com/vi/_MXPvwMFiGE/maxresdefault.jpg
,Gainage,,Allongez-vous avec le ventre face au sol. Placez vos avant-bras perpendiculaires au sol. Vos bras seront écartés de la largeur des épaules. Vos pieds et vos genoux écartés de la largeur du bassin.,,,"Veillez à maintenir votre colonne vertébrale droite. Levez votre bassin en tendant les jambes sans verrouiller les genoux. Maintenez la position pendant quelques secondes puis redescendez. Si vous êtes débutant, commencez par maintenir le gainage pendant 10 secondes et augmenter de quelques secondes chaque semaine.",,,{'Abdos'},,{'Cardio'},,https://s3-eu-west-1.amazonaws.com/fitnext-blog-upload/fr/conseils/wp-content/uploads/2017/11/13115907/gainage.jpg
,Stepper,,"Le stepper est un appareil spécialement conçu pour faire travailler les muscles du corps et notamment ceux de sa partie inférieure. Nous faisant reproduire les mêmes mouvements que ceux que l’on réalise en montant les escaliers, il sollicite ainsi les muscles du corps et surtout celui du cœur. ",,,Avoir une posture droite et avoir les pieds bien à plat sur les pédales.,,,{'Jambes'},,{'Cardio'},,https://www.gymcompany.fr/media/catalog/product/cache/2/thumbnail/9df78eab33525d08d6e5fb8d27136e95/3/4/3413-sole-stepper-sc200-07.jpg
,StairMaster,,Installez vous au centre des pédales. Faire de grandes enjambées en maintenant la pression au niveau du talon tout en reculant le bassin afin d’optimiser la stimulation du grand fessier.,,,"Garder le dos bien droit, le bassin immobile, les mains posées sur le guidon pour la stabilité et pousser sur les jambes pour grimper. Pour une séance vraiment efficace, essayer de tenir le moins possible les poignées avec les mains, voire de ne pas tenir du tout.",,,{'Jambes'},,{'Cardio'},,https://www.gymsource.com/media/prod.image/s/t/stepmill3-5.jpg
,Climber,,"Le climber est une machine permettant les mêmes mouvements que lors d'une ascension en haute montagne d'un alpinisme. Elle stimule donc de nombreux muscles. Elles est assez simple d'utilisation, il suffit de mettre vos pieds bien au centre des pédales puis effectuer des mouvements fluide de bas en haut.",,,"Garder le dos bien droit, les mains ferme sur les barres. Ne pas faire des mouvements trop rapide par risque de se blessé. ",,,"{'Bras' , 'Dos' , 'Jambes'}",,{'Cardio'},,http://turkeyandroid.club/wp-content/uploads/2018/03/mountain-climber-machine-coup-2-in-1-mountain-climber-x-bike-height-adjustable.jpg
,battement des jambes,,Allongez-vous sur le dos et placez vos bras en équerre (prenez appui sur vos avant-bras). Réalisez ensuite de grands battements avec les jambes tout en contractant les abdos.,,,"Ne cambrez pas le dos, vous risquerez de vous faire mal. Si vous en avex besoin, n'hésitez pas à placer vos mains entre le bas de votre dos et le sol, cela protégera vos lombaires.",,,{'Abdos'},,{'Cardio'},,http://ekladata.com/3CavOvvLseA-17Zc9cHGXMJ-YUY.jpg
,planche,,"Commencez comme si vous alliez faire des pompes, les mains sous les épaules. Dressez-vous sur vos pointes de pieds et serrez abdominaux et fessiers pour former une ligne droite. Essayez de rentrer votre nombril à l'intérieur et veillez à garder le dos bien droit. Commencez par tenir la position pendant 20 secondes, puis augmentez au fil des entraînements.",,,"Gardez le dos bien droit, c'est la clé. Un dos creusé vous crééra des douleurs d'articulations et un dos rond ne vous fera rien travailler. Évitez de vous tenir les mains et gardez plutôt les bras bien parallèles dans le prolongement de votre bassin",,,{'Abdos'},,"{'Renforcement','Perte de poids'}",,https://www.google.com/search?q=battement+des+jambes&safe=strict&rlz=1C1CHBF_frFR820FR820&source=lnms&tbm=isch&sa=X&ved=0ahUKEwjLu-_k0sLhAhWQ4YUKHVwfCuYQ_AUIDigB&biw=1920&bih=937
,squats,,"Tenez-vous debout, les pieds en alignement avec les épaules, le dos droit. Pliez vos genoux – ils ne doivent jamais dépasser vos orteils !) et baissez vos fesses, comme pour vous assoir. Le poids de votre corps doit rester sur vos talons. Une fois que vos cuisses sont parallèles au sol, remontez doucement. Faites trois séries de 20 mouvements.",,,"Vous avez mal au dos ? Placez vos mains à l'arrière de votre tête pour vous forcer à rester droite. N;'oubliez pas de garder le dos droit et de ne pas faire dépasser vos genoux au-delà du niveau de vos pointes de pieds, vous risquerez d'abîmer vos articulations et vous ne travaillerz pas les bon muscles.",,,{'Jambes'},,"{'Renforcement','Perte de poids'}",,https://bit.ly/2VAqHgw
,fentes avants et arrières,,"Tenez-vous droit, les épaules en arrière et le menton haut. Serrez vos abdominaux et faites un grand pas en avant avec une jambe, en avant ou en arrière. Baissez-vous jusqu'à ce vos genoux soient pliés à 90 degrés : l'un près du sol ; l'autre devant vous, aligné avec votre cheville. ",,,"Pour ne pas perdre l'équilibre vous pouvez tendre les bras sur les côtés. Veillez à bien garder le poids de votre corps sur vos talons lorsque vous remontez, puis changez de jambe.",,,{'Jambes'},,"{'Renforcement','Perte de poids'}",,https://bit.ly/2Im51AE
,pompes,,"Placez-vous en position allongée, les pointes de pieds ou les genoux au sol, les mains juste en dessous de vos épaules. Pliez vos coudes sur le côté et abaissez votre corps jusqu'à ce que votre poitrine touche presque le sol.",,,Vos bras doivent alors former un angle de 45°. Une alternative plus simple existe : faites vos pompes sur les genoux (dans ce cas là faites alors attention à ne pas vous abimer les genoux sur le sol en utilisant un tapis ou une serviette) ou bien vous pouvez aussi placer vos mains sur un point sur-élevé comme le bord d'un lit ou une table. ,,,{'Jambes'},,"{'Renforcement','Perte de poids'}",,https://bit.ly/2D4tszk
,dips,,"Placez vos mains sur le bord d'une chaise ou du canapé et les jambes devant vous. Faites descendre votre corps jusqu'au sol, puis remontez à la force de vos bras. ",,,"Il faudra faire attention à ne pas trop plier les coudes, sous le poids de votre corps vous pourriez lâcher prise et pour faire mal. N'effectuer pas trop rapidement l'exercice, le mouvement doit être controllé et la contraction du muscle doit être volontaire.",,,"{'Jambes', 'Dos'}",,"{'Renforcement','Perte de poids'}",,https://bit.ly/2UJh8OV
,pont,,"Cet exercice permet de muscler les fesses, de renforcer les abdominaux mais aussi de travailler les muscles du dos. Allongez-vous sur le dos, les mains le long du corps, les genoux pliés et les pieds au sol, à largeur des épaules. Poussez dans vos talons pour soulever vos hanches. Contractez vos abdominaux et vos fesses pour tenir en haut. Redescendez doucement.",,,Vous pouvez augmenter le niveau de difficulté en levant une jambe en même temps que le reste du corps ou en ajoutant du poids.,,,{'Abdos'},,"{'Renforcement','Perte de poids'}",,https://bit.ly/2WTPjRt
,fentes sur le côté,,Tenez-vous debout avec le dos droit. Faites un grand pas sur la droite de façon à vous retrouver avec les jambes écartées. Vos pointes de pieds sont orientées vers l’extérieur. Descendez vos fesses en pliant uniquement une jambe.,,,"Pensez à inspirer. Tentez de descendre le plus bas possible, en ramenant la fesse près du mollet. Poussez sur votre cuisse pour revenir en position de départ tout en expirant. Faites le même mouvement de l’autre côté. Alternez entre gauche et droite pour renforcer chaque côté.",,,{'Jambes'},,"{'Renforcement','Perte de poids'}",,https://bit.ly/2Kj2wSr
,gainage militaire,,"Position de pompe avec les mains tendues à la verticale des épaules. Poser l’avant-bras gauche au sol, puis le droit. Retourner en position de pompe, puis alterner",,,"Tension du corps : talons tirés vers l‘arrière, cuisses tendues, le nombril tiré vers la colonne vertébrale, omoplates contractées dans le dos. Le bras que vous posez en premier, retourne en position en premier également. Toujours changer l’ordre des bras.",,,"{'Dos', 'Bras'}",,"{'Renforcement','Perte de poids'}",,https://bit.ly/2D54xvv
,burpees,,"Debout les pieds écartés au niveau des hanches, s’accroupir. Poser les mains sur le sol à hauteur des épaules et passer rapidement en position de gainage. Sauter afin de ramener les pieds entre les mains. En position agenouillée, sauter vers le haut et claquer les mains au-dessus de la tête.",,,"Le ventre est tendu pendant tout l’exercice. En version plus simple, il est possible de revenir sur la position debout sans sauter et/ou de ralentir le rythme",,,"{'Abdos', 'Dos', 'Bras'}",,"{'Renforcement','Perte de poids'}",,https://bit.ly/2FY9aYQ
,abdos obliques,,"Sur le dos, les mains derrière la tête. Plier très légèrement les jambes, talons posés au sol. Lever le buste et une jambe. Faire en sorte que le coude touche le genou en diagonale",,,"Lever légèrement le ventre, le bas du dos reste au sol. Toujours un talon au sol. Le buste doit être relevé, pas seulement les coudes et les genoux. Plus le buste est relevé, plus c’est difficile",,,{'Abdos'},,"{'Renforcement','Perte de poids'}",,https://bit.ly/2ImBHdA
,russian twist,,"Le russian twist, ou rotations russes, est un exercice qui consiste à réaliser des rotations de buste à partir d’une position assise, pieds décollés. De manière classique, le Russian Twist s’effectue en ayant le buste penché en arrière à 45°, et les pieds légèrement décollés du sol. Ainsi, tout en maintenant votre équilibre, vous allez devoir effectuer des mouvements de rotation pour amener vos mains de part et d’autre de vos hanches.",,,"Il n’est pas rare de voir des pratiquants mal réaliser cet exercice. En effet, pour muscler ses abdos, il ne faut pas se contenter de bouger ses bras de gauche à droite. Le mouvement doit initier une véritable rotation contrôlée de votre buste mais surtout une contraction volontaire de votre sangle abdominale. A chaque répétition, vous devez sentir vos obliques travailler.",,,{'Abdos'},,"{'Renforcement','Perte de poids'}",,https://bit.ly/2ImbuvB
,montain climbers,,"Le mountain climber est un exercice efficace pour dépenser des calories tout en renforçant ses jambes et ses abdos. Placez-vous au sol comme si vous vouliez effectuer des pompes, puis ramenez alternativement vos genoux vers votre poitrine.",,,Gardez les bras bien fixes et perpendiculaires au sol ainsi que le dos droit. Le buste doit rester le plus stable et fixe possible pour une bonne contraction des abdominaux. N'oubliez pas de bien respirer.,,,"{'Abdos','Dos'}",,"{'Renforcement','Perte de poids'}",,https://www.personal-sport-trainer.com/blog/wp-content/uploads/2017/12/mountain-climber-maigrir.jpg
,kettlebell swing,,"Le Kettlebell swing est un grand classique en CrossFit. Mobilisant de nombreux groupes musculaires, cet exercice est intéressant pour dépenser des calories tout en renforçant les muscles de la chaine postérieure (ischio-jambiers, fessiers, érecteurs du rachis).",,,"Idéalement, cet exercice doit être réalisé avec une kettlebell, toutefois si vous n’êtes pas équipé vous pouvez réaliser ce mouvement avec une bouteille d’eau, un ballon lesté ou un haltère.",,,"{'Dos', 'Jambes'}",,"{'Renforcement','Perte de poids'}",,https://bit.ly/2U0GxPO
,jumping jacks,,"Le jumping jack est un exercice simple et efficace pour maigrir, facile à intégrer dans une séance de sport à la maison. Cet enchaînement peut être répété plus ou moins rapidement durant un temps donné ou un nombre de répétitions. A vous de gérer votre effort selon vos capacités et objectifs.",,,"Démarrez pieds joints, bras le long du corps. L’exercice consiste ensuite à réaliser un premier saut en écartant simultanément les jambes et les bras, puis un second saut en les resserrant.",,,"{'Dos', 'Jambes'}",,"{'Renforcement','Perte de poids'}",,https://cnn.it/2VxgXn8
,fentes sautées,,"Tous comme l’ensemble des exercices intégrant des sauts, les fentes sautés permettent de dépenser un maximum de calories et ainsi de perdre du poids. Toutefois, cet exercice est déconseillé aux personnes en surpoids afin de préserver dos, genoux et chevilles.",,,"A partir de la position de fente, effectuez un saut tonique et croisez vos jambes pour vous réceptionner en position de fente mais en ayant changé d’appui. Enchaînez ces sauts plus ou moins rapidement. Vos cuisses chauffent ? C’est normal ;)",,,{'Jambes'},,"{'Renforcement','Perte de poids'}",,https://bit.ly/2I9hiJr
,plank jack,,Le plank jack est un exercice de fitness proche du jumping jack. Il permet de travailler son gainage tout en activant les fonctions cardio-vasculaires. Il est donc particulièrement efficace dans le cadre d’une séance de HIIT au poids de corps.,,,Positionnez vous en position haute de gainage en planche. Ouvrez et refermez les jambes le plus rapidement possible. Attention à votre de gainage pour assurer une bonne posture pendant toute la durée de l’exercice !,,,{'Jambes'},,"{'Renforcement','Perte de poids'}",,https://bit.ly/2YYcXOE
,la chaise,,"Comme le gainage, il faut travailler en isométrie. Derrière ce mot un peu barbare se cache une explication très simple. Alors que lors d’un squat, vous faites un mouvement, lors de la chaise ou du gainage, le but est de rester dans la même position le plus longtemps possible.",,,"Placez-vous debout, le dos contre un mur. Descendez jusqu’à ce que vos jambes décrivent un angle de 90°, comme si vous étiez assis sur une chaise. Pas besoin de donner arbitrairement une limite de temps.",,,{'Jambes'},,"{'Renforcement','Perte de poids'}",,https://bit.ly/2ImuY3d
,battement des jambes,,Allongez-vous sur le dos et placez vos bras en équerre (prenez appui sur vos avant-bras). Réalisez ensuite de grands battements avec les jambes tout en contractant les abdos.,,,"Ne cambrez pas le dos, vous risquerez de vous faire mal. Si vous en avex besoin, n'hésitez pas à placer vos mains entre le bas de votre dos et le sol, cela protégera vos lombaires.",,,{'Abdos'},,"{'Renforcement','Perte de poids'}",,https://bit.ly/2U09f3j
,soulever de terre,,"C’est l’un des meilleurs exercices où l’on peut gagner en force rapidement  sur l’ensemble de son corps. Tendre les jambes en faisant glisser la barre le long des tibias
Au niveau des genoux redresser le buste et terminer l’extension, tout en maintenant le dos droit ou légèrement cambré",,,"Pour ne pas se blesser ilfaut un bon positionnement : Pieds placés dessous la barre ( à la moitié de la plante des pieds). Pieds écartés largeur d’épaules. Mains prise pronation (paume  de main vers le sol), prise légèrement plus large que les épaules. Pouces verrouillés sur la barre",,,"{'Dos','Jambes'}",,"{'Renforcement','Perte de poids'}",,https://bit.ly/2uW85vm
,sumo squats,,"Le squat version sumo est simplement une variante du squat mais en ouverture extra-large. Alors que pour le squat ""normal"", les pieds sont placés juste à l'extérieur des hanches, sur le ""sumo"" on ouvre les pieds beaucoup plus large, au-delà de la largeur des épaules pour engager davantage les cuisses et les fessiers.",,,"Pour éviter tout risque de blessure, on garde toujours le dos bien droit et les abdos serrés. On regarde devant soi. Les genoux restent alignés avec les orteils et positionnés au-dessus des chevilles.",,,{'Jambes'},,"{'Renforcement','Perte de poids'}",,https://bit.ly/2OVLw3a